<?xml version="1.0" encoding="UTF-8"?>
<!DOCTYPE mapper PUBLIC "-//mybatis.org//DTD Mapper 3.0//EN" "http://mybatis.org/dtd/mybatis-3-mapper.dtd">
<mapper namespace="com.hantick.mypage.dao.MyPageMapper">
	<!-- 모든 리스트 가져오기 -->
		<select id="selectAll" resultType="java.util.HashMap">
		SELECT
			  ML.MENTORING_SEQ
			, ML.MENTEE_SEQ 
			, ML.MENTOR_SEQ 
			, ML.MENTORING_CONTENT
			, ML.MENTORING_REGDATE
            , ML.MENTORING_STATUS
            , ML.MENTORING_REVIEW
			, TEE_D.DEPARTMENT_NAME AS MENTEE_DEPARTMENT_NAME
			, TEE_UI.USER_NAME AS MENTEE_NAME
			, TEE_P.POSITION_NAME AS MENTEE_POSITION_NAME
			, TOR_D.DEPARTMENT_NAME AS MENTOR_DEPARTMENT_NAME
			, TOR_UI.USER_NAME AS MENTOR_NAME
			, TOR_P.POSITION_NAME AS MENTOR_POSITION_NAME
		FROM MENTORING_LIST ML
			INNER JOIN USER_INFO	TEE_UI      ON TEE_UI.USER_SEQ      	= 	ML.MENTEE_SEQ
		    INNER JOIN DEPARTMENT	TEE_D		ON TEE_D.DEPARTMENT_SEQ 	= 	TEE_UI.USER_DEPARTMENT_SEQ
		    INNER JOIN POSITION		TEE_P    	ON TEE_P.POSITION_SEQ  		= 	TEE_UI.USER_POSITION_SEQ
		    INNER JOIN USER_INFO	TOR_UI      ON TOR_UI.USER_SEQ      	= 	ML.MENTOR_SEQ
		    INNER JOIN DEPARTMENT	TOR_D   	ON TOR_D.DEPARTMENT_SEQ 	= 	TOR_UI.USER_DEPARTMENT_SEQ
		    INNER JOIN POSITION		TOR_P       ON TOR_P.POSITION_SEQ  		= 	TOR_UI.USER_POSITION_SEQ
		WHERE ML.MENTEE_SEQ = #{user_seq} OR ML.MENTOR_SEQ = #{user_seq}
		ORDER BY ML.MENTORING_REGDATE DESC;
	</select>
	
	<!-- receive 멘토입장에서 받은 요청 가져오기 -->
		<select id="selectreceive" resultType="java.util.HashMap">
		SELECT
			  ML.MENTORING_SEQ
			, ML.MENTEE_SEQ 
			, ML.MENTOR_SEQ 
			, ML.MENTORING_CONTENT
			, ML.MENTORING_REGDATE
            , ML.MENTORING_STATUS
            , ML.MENTORING_REVIEW
			, TEE_D.DEPARTMENT_NAME AS MENTEE_DEPARTMENT_NAME
			, TEE_UI.USER_NAME AS MENTEE_NAME
			, TEE_P.POSITION_NAME AS MENTEE_POSITION_NAME
			, TOR_D.DEPARTMENT_NAME AS MENTOR_DEPARTMENT_NAME
			, TOR_UI.USER_NAME AS MENTOR_NAME
			, TOR_P.POSITION_NAME AS MENTOR_POSITION_NAME
		FROM MENTORING_LIST ML
			INNER JOIN USER_INFO	TEE_UI      ON TEE_UI.USER_SEQ      	= 	ML.MENTEE_SEQ
		    INNER JOIN DEPARTMENT	TEE_D		ON TEE_D.DEPARTMENT_SEQ 	= 	TEE_UI.USER_DEPARTMENT_SEQ
		    INNER JOIN POSITION		TEE_P    	ON TEE_P.POSITION_SEQ  		= 	TEE_UI.USER_POSITION_SEQ
		    INNER JOIN USER_INFO	TOR_UI      ON TOR_UI.USER_SEQ      	= 	ML.MENTOR_SEQ
		    INNER JOIN DEPARTMENT	TOR_D   	ON TOR_D.DEPARTMENT_SEQ 	= 	TOR_UI.USER_DEPARTMENT_SEQ
		    INNER JOIN POSITION		TOR_P       ON TOR_P.POSITION_SEQ  		= 	TOR_UI.USER_POSITION_SEQ
		WHERE ML.MENTOR_SEQ = #{user_seq}
		ORDER BY ML.MENTORING_REGDATE DESC;
	</select>
	
	<!-- send 멘티입장에서 보낸 요청 가져오기 -->
		<select id="selectsend" resultType="java.util.HashMap">
		SELECT
			  ML.MENTORING_SEQ
			, ML.MENTEE_SEQ 
			, ML.MENTOR_SEQ 
			, ML.MENTORING_CONTENT
			, ML.MENTORING_REGDATE
            , ML.MENTORING_STATUS
            , ML.MENTORING_REVIEW
			, TEE_D.DEPARTMENT_NAME AS MENTEE_DEPARTMENT_NAME
			, TEE_UI.USER_NAME AS MENTEE_NAME
			, TEE_P.POSITION_NAME AS MENTEE_POSITION_NAME
			, TOR_D.DEPARTMENT_NAME AS MENTOR_DEPARTMENT_NAME
			, TOR_UI.USER_NAME AS MENTOR_NAME
			, TOR_P.POSITION_NAME AS MENTOR_POSITION_NAME
		FROM MENTORING_LIST ML
			INNER JOIN USER_INFO	TEE_UI      ON TEE_UI.USER_SEQ      	= 	ML.MENTEE_SEQ
		    INNER JOIN DEPARTMENT	TEE_D		ON TEE_D.DEPARTMENT_SEQ 	= 	TEE_UI.USER_DEPARTMENT_SEQ
		    INNER JOIN POSITION		TEE_P    	ON TEE_P.POSITION_SEQ  		= 	TEE_UI.USER_POSITION_SEQ
		    INNER JOIN USER_INFO	TOR_UI      ON TOR_UI.USER_SEQ      	= 	ML.MENTOR_SEQ
		    INNER JOIN DEPARTMENT	TOR_D   	ON TOR_D.DEPARTMENT_SEQ 	= 	TOR_UI.USER_DEPARTMENT_SEQ
		    INNER JOIN POSITION		TOR_P       ON TOR_P.POSITION_SEQ  		= 	TOR_UI.USER_POSITION_SEQ
		WHERE ML.MENTEE_SEQ = #{user_seq}
		ORDER BY ML.MENTORING_REGDATE DESC;
	</select>	
	
	<!-- MentoringList 수락/거절 update 부분 -->
	<update id="updatestate">
		UPDATE 
			MENTORING_LIST ML
		SET MENTORING_STATUS = #{status}
		WHERE ML.MENTORING_SEQ = #{mentoring_seq};
	</update>
	
	<select id="resultstate" resultType="String">
		SELECT 
			MENTORING_STATUS
		FROM MENTORING_LIST
		WHERE MENTORING_SEQ = #{mentoring_seq}
	</select>
	
	<!-- 리뷰 추가하는 부분 -->
	<insert id="insertReview">
		INSERT INTO
			REVIEW_LIST (MENTORING_SEQ, MENTEE_SEQ, MENTOR_SEQ, REVIEW_CONTENT)
		VALUES
			(#{inputmentoringseq},#{inputmenteeseq},#{mentor_seq},#{mentoring_content})
	</insert>
	
	<!-- 리뷰 STATUS 상태 변하는 부분 -->
	<update id="updateReview">
		UPDATE
			MENTORING_LIST
		SET 
			MENTORING_REVIEW = "yes"
		WHERE 
			MENTORING_SEQ = #{mentoring_seq};
	</update>
	
</mapper>