<?xml version="1.0" encoding="UTF-8" ?>
<!DOCTYPE mapper
  PUBLIC "-//mybatis.org//DTD Config 3.1//EN"
  "http://mybatis.org/dtd/mybatis-3-mapper.dtd">
  
<mapper namespace="com.hantick.login.dao.UserAuthDAO">	
	<select id="selectUser" resultType="com.hantick.login.dto.UserAuthenticationDTO">
		SELECT * FROM user_authentication WHERE user_id=#{username}
	</select>
	
	<select id="selectUserInfo" resultType="com.hantick.common.dto.UserInfoDTO">
		SELECT * FROM user_authentication 
		LEFT JOIN user_info ON user_authentication.user_seq = user_info.user_seq
		LEFT JOIN department ON user_info.user_department_seq = department.department_seq
		LEFT JOIN position ON user_info.user_position_seq = position.position_seq
		WHERE user_id=#{username};
	</select>	
	
	 <insert id="mainAccount">
    	INSERT INTO user_authentication (user_seq, user_id ,password) VALUES (last_insert_id() ,#{username}, #{password})
    </insert>
    
   	 <insert id="subAccount">
    	INSERT INTO 
    	user_info (user_name ,user_email, user_department_seq, user_position_seq, user_photo)
    	 VALUES (#{user_name}, #{user_email}, #{user_department}, #{user_position}, #{user_photo})
    </insert>
    
    <select id="checkOverId" parameterType="String" resultType="int">
    	SELECT count(user_id) FROM user_authentication WHERE user_id=#{username}
    </select>
    
    <select id="getDeptList" resultType="java.util.HashMap" parameterType="String">
		SELECT * FROM department 
	</select>
	
	<select id="getPosList" resultType="java.util.HashMap" parameterType="String">
		SELECT * FROM position
	</select>
</mapper>