<?xml version="1.0" encoding="UTF-8"?>
<!-- DTD 선언 -->
<!DOCTYPE mapper
 PUBLIC "-//mybatis.org//DTD Mapper 3.0//EN"
 "http://mybatis.org/dtd/mybatis-3-mapper.dtd">

<!-- namespace : package + classname -->
<mapper namespace="com.example.StudyMoa.common.dao.MakeStudyMapper"> 

	<!-- 스터디 생성 -->
	<insert id="insertMakeStudy" parameterType="com.example.StudyMoa.common.dto.Study">
					<selectKey keyProperty="sNo" resultType="int" order="AFTER">
<!-- 			SELECT S.S_NO FROM study S -->
<!-- SELECT s_no FROM study --> 
            select max(s_no) from study order by s_no ASC
		</selectKey>
	INSERT
	INTO study
		  (
		     S_TITLE
		   , S_CONTENT
           , S_WRITE_DATE
           , S_TOTAL
           , S_NOW
           , S_UPDT_DATE
           , CATEGORY_NO
	)VALUES(
      #{sTitle}
    , #{sContent}
    , sysdate()
    , #{sTotal}
    , 1
    , sysdate()
    , #{categoryNo}
    )
    
	</insert>
	
		<!-- 스터디멤버 생성 -->
	<insert id="insertStudyLeader" parameterType="com.example.StudyMoa.login.dto.User">


	INSERT
	INTO study_member
		  (
		     S_NO
		   , USER_NO
           , SM_ROLE

	)VALUES(
      #{sNo}
    , #{userNo}
    , '스터디장'
    )
    
	</insert>
	
	
	<!--  스터디 삭제 -->
	    <delete id="deleteStudy" parameterType="com.example.StudyMoa.common.dto.Study">
    
        DELETE 
          FROM STUDY.TB_STUDY 
         WHERE STUDYQ_SE = #{study_seq}
    
    </delete>
	
	
</mapper>