<?xml version="1.0" encoding="UTF-8"?>
<!-- DTD 선언 -->
<!DOCTYPE mapper
 PUBLIC "-//mybatis.org//DTD Mapper 3.0//EN"
 "http://mybatis.org/dtd/mybatis-3-mapper.dtd">

<!-- namespace : package + classname -->
<mapper namespace="com.example.StudyMoa.common.dao.StudyMapper"> 

	<!-- 스터디리스트 조회 -->
	<select id="selectStudyList" parameterType="java.util.HashMap" resultType="com.example.StudyMoa.common.dto.Study">
	SELECT 
		  S.S_NO
		   ,S_TITLE
		   ,S_CONTENT
		   ,S_WRITE_DATE
		   ,B_GRADE
		   ,S_TOTAL
		   ,S_NOW
		   ,S_UPDT_DATE
		   ,S_END_DATE
		   ,S.CATEGORY_NO AS CATEGORY_NO 
           ,SM.USER_NO AS USER_NO
           ,SM.SM_ROLE AS SM_ROLE
           ,U.USER_NAME AS USER_NAME
           ,SM.SM_NO
		FROM study S left outer join study_member SM on S.S_NO = SM.S_NO left outer join user U on U.USER_NO = SM.USER_NO
		<where>
			<if test="categoryNo != null">
				AND S.CATEGORY_NO = #{categoryNo}
			</if>
			<if test="keyword != null">
				AND (S.S_TITLE REGEXP #{keyword} OR S.S_CONTENT REGEXP #{keyword}) 
			</if>
			<if test="smRole != null">
			 	AND SM.SM_ROLE= #{smRole}
			</if>
		</where>	
			ORDER BY S_NO
			LIMIT #{startPage
			}, #{endPage}
	</select>
	
	<!-- 스터디 총 갯수 조회 -->
	<select id="selectStudyCount" resultType="int">
	SELECT COUNT(*)
	  FROM study
	  <where>
		  <if test="categoryNo != null">
		  AND CATEGORY_NO = #{categoryNo}
		  </if>
		  <if test="keyword != null">
		  AND (S_TITLE REGEXP #{keyword} OR S_CONTENT REGEXP #{keyword}) 
		  </if>
	  </where>
	</select>
	
	<!-- 스터디 단건 조회-->
	<select id="selectStudyOne" parameterType="java.util.HashMap" resultType="com.example.StudyMoa.common.dto.Study">
	SELECT S.S_NO
		  ,S.S_TITLE
		  ,S.S_CONTENT
		  ,S.S_WRITE_DATE
		  ,S.B_GRADE
		  ,S.S_TOTAL
		  ,S.S_NOW
		  ,S.S_UPDT_DATE
		  ,S.S_END_DATE
		  ,S.CATEGORY_NO
          ,SM.USER_NO
          ,SM.SM_ROLE
          ,SM.SM_NO
          ,U.USER_NAME
	FROM study S left outer join study_member SM on S.S_NO = SM.S_NO left outer join user U on U.USER_NO = SM.USER_NO
	WHERE S.S_NO = #{sNo} 
	  AND SM.SM_NO = #{smNo}	  
	</select>
	
	<update id="updateStudySNow" parameterType="int">
	UPDATE study
	   SET S_NOW = S_NOW+1
	 WHERE S_NO = #{sNo}    
	</update>
	
	<update id="updateStudyEndDate" parameterType="java.util.HashMap">
	UPDATE study
	   SET S_END_DATE
	 WHERE S_NO = #{sNo}
	</update>
	
</mapper>