<?xml version="1.0" encoding="UTF-8"?>

<!DOCTYPE mapper
 PUBLIC "-//mybatis.org//DTD Mapper 3.0//EN"
 "http://mybatis.org/dtd/mybatis-3-mapper.dtd">

 <!-- namespace : package + classname -->
<mapper namespace="com.example.StudyMoa.common.dao.StudyMemberMapper"> 
 
 	<insert id="insertStudyMember" parameterType="java.util.HashMap">
 	INSERT INTO study_member(S_NO, USER_NO, SM_ROLE) VALUES (#{sNo}, #{userNo}, #{smRole})
 	
 	</insert>
 
 	<select id="selectStudyMember" parameterType="java.util.HashMap" resultType="java.util.HashMap">
 	SELECT SM_NO
 		 , S_NO
 		 , USER_NO
 		 , SM_ROLE
 	  FROM study_member
 	 WHERE S_NO = #{sNo}
 	   AND SM_NO = #{smNo}
 	   AND USER_NO = #{userNo}	   	 
 	</select>
 
 	<select id="selectStudyMemberList" parameterType="java.util.HashMap" resultType="java.util.HashMap">
 	SELECT SM_NO
 		 , S_NO
 		 , SM.USER_NO
 		 , SM_ROLE
         , U.USER_NAME AS USER_NAME
         , U.USER_ID AS USER_ID
 	  FROM study_member SM join user U on SM.USER_NO = U.USER_NO 
  	  WHERE S_NO = #{sNo}
 	</select>
 	
 	<delete id="deleteStudyMember" parameterType="java.util.HashMap">
 	DELETE FROM study_member WHERE SM_NO = #{smNo}
 	</delete>
 	
 </mapper>