<?xml version="1.0" encoding="UTF-8"?>
<!-- DTD 선언 -->
<!DOCTYPE mapper
 PUBLIC "-//mybatis.org//DTD Mapper 3.0//EN"
 "http://mybatis.org/dtd/mybatis-3-mapper.dtd">
 
 
 <mapper namespace="com.example.StudyMoa.calendar.dao.CalendarMapper"> 

<insert id="insertCalendar" parameterType="java.util.HashMap">
INSERT INTO study_calendar
(

  S_NO
, START_DATE
, END_DATE  
, CAL_CONTENT  
) VALUES (

<!-- #{sNo} -->

  3
, #{start}
, #{end}
, #{title}

)

</insert>

<!-- 일정 리스트 조회 -->
<!-- <select id="selectCalendarlist" parameterType="java.util.HashMap" resultType="java.util.HashMap">
SELECT CAL_NO
, S_NO
, START_DATE
, END_DATE
, CAL_CONTENT
FROM study_calendar
WHERE 
S_NO = ${sNo},
START_DATE = ${start},
END_DATE = ${end},
CAL_CONTENT = ${title}

</select> -->

<select id="selectCalendarListTest"  resultType="java.util.HashMap">
SELECT CAL_NO AS id
, S_NO
, START_DATE  AS start
, END_DATE	  AS end
, CAL_CONTENT AS title
FROM study_calendar


</select>
	
	
		<delete id="deleteCalendar" parameterType="java.util.HashMap">
	DELETE FROM study_calendar 
	WHERE CAL_NO = #{calNo} 
	</delete>
	
	
	
	
		<update id="updateCalendar" parameterType="java.util.HashMap">
	UPDATE study_calendar 
	SET CAL_CONTENT = #{title}
	, START_DATE = #{start}
	, END_DATE = #{end}
	 WHERE CAL_NO = #{calNo}
	</update>
		

</mapper>