<?xml version="1.0" encoding="UTF-8"?>
<!-- DTD 선언 -->
<!DOCTYPE mapper
 PUBLIC "-//mybatis.org//DTD Mapper 3.0//EN"
 "http://mybatis.org/dtd/mybatis-3-mapper.dtd">

<!-- namespace : package + classname(바라보는 Mapper의 이름) namespace는 여러개의 sql문을 묶는 용도로 사용된다. -->
<mapper namespace="com.example.StudyMoa.login.dao.LoginUserMapper"> 

	 
	 <!-- 사용자가 로그인시 입력한 데이터가 데이터베이스에 있는지 확인하기 위한 기능[2021.10.31 김민정] -->

		
		<!-- 동적인 변수값 가져올때 #{jsp에서의 name}의 식으로 기재해놓는다. 또한 사용자 view단에서 받아오는 데이터가 아닌경우 Controller단에서 구현하여 기재한다. -->				
		<insert id="insertUser" parameterType="com.example.StudyMoa.login.dto.User"> <!-- dto클래스 바라보는 경로 정의 -->
		INSERT INTO user (USER_NO, USER_ID, USER_NAME, USER_PHONE, USER_PWD, INST_DATE, UPDT_DATE, CATEGORY_NO)
			  VALUES (#{userNo}, #{userId},#{userName},#{userPhone}, #{userPwd}, sysdate(), null, #{categoryNo})
		</insert>
		
		<!-- 로그인시 회원정보 조회 -->
		<select id="LoginIdCheck" parameterType="String" resultType="com.example.StudyMoa.login.dto.User">
		SELECT USER_NO, USER_ID, USER_NAME, USER_PHONE, USER_PWD, INST_DATE, UPDT_DATE, CATEGORY_NO FROM user 
		WHERE (USER_ID = #{userId} AND USER_PWD = #{userPwd})
		</select>
		
		<select id="selectByUserId" parameterType="com.example.StudyMoa.login.dto.User" resultType="com.example.StudyMoa.login.dto.User">
		SELECT USER_NO, USER_ID, USER_NAME, USER_PHONE, USER_PWD, INST_DATE, UPDT_DATE, CATEGORY_NO FROM user 
		WHERE (USER_ID = #{userId})
		</select>
		
		<select id="findByUserId" parameterType="String" resultType="com.example.StudyMoa.login.dto.User">
		SELECT USER_NO, USER_ID, USER_NAME, USER_PHONE, USER_PWD, INST_DATE, UPDT_DATE, CATEGORY_NO FROM user 
		WHERE (USER_ID = #{userId})
		</select>
	
		
		<!-- 아이디 회원가입시 사용 => 디비조회하고 count 1이상이면 회원가입불가 아니면 회원가입 -->
		<select id="userIdCheck" parameterType="java.util.HashMap" resultType="int">
		SELECT COUNT(USER_ID)
		  FROM user
	     WHERE (USER_ID = #{userId})
		</select>

</mapper>