<?xml version="1.0" encoding="UTF-8"?>
<Configuration>
	<properties>
		<property name="log.path">/data/gstswfm/logs</property>
		<property name="log.pattern.console">[%d{yyyy-MM-dd HH:mm:ss:sss}] %-5p - %m%n</property>
		<property name="log.pattern.file">[%d{yyyy-MM-dd HH:mm:ss:sss}] %-5p - %m%n</property>
		<property name="file.backup.pattern">-%d{yyyy-MM-dd}</property>
	</properties>
	<Appenders>
		<!-- Console Appender -->
		<Console name="console" target="SYSTEM_OUT">
			<PatternLayout>
				<charset>UTF-8</charset>
				<Pattern>${log.pattern.console}</Pattern>
			</PatternLayout>
		</Console>
		<!-- RollingFile Appender -->
		<RollingFile name="perfLogger" fileName="${log.path}/perfLogs.log"
			filePattern="${log.path}/backup/perfLogs${file.backup.pattern}.log">
			<PatternLayout>
				<charset>UTF-8</charset>
				<Pattern>${log.pattern.file}</Pattern>
			</PatternLayout>
			<Policies>
				<!-- <SizeBasedTriggeringPolicy size="51200KB" /> --> <!-- 50MB 용량이 초과시 DefaultRolloverStrategy 정책만큼 넘버링 -->
				<TimeBasedTriggeringPolicy modulate="true" interval="1" /> <!-- 일별 로그 파일 생성-->
			</Policies>
			<!-- <DefaultRolloverStrategy max="10" fileIndex="min"/> --> <!-- 롤링 파일 10개 까지 생성 -->
			<DefaultRolloverstrategy>
				<Delete basePath="${log.path}/backup" maxDepth="2">
					<IfFileName glob="perfLogs*.log" />
					<IfLastModified age="8d" />
				</Delete>
			</DefaultRolloverstrategy>
		</RollingFile>
		<RollingFile name="hansolLogger" fileName="${log.path}/gstswfm.log"
			filePattern="${log.path}/backup/gstswfm${file.backup.pattern}.log">
			<!-- <LevelRangeFilter minLevel="INFO" maxLevel="ERROR" onMatch="ACCEPT" onMismatch="DENY"/> -->
			<PatternLayout>
				<charset>UTF-8</charset>
				<Pattern>${log.pattern.file}</Pattern>
			</PatternLayout>
			<Policies>
				<!-- <SizeBasedTriggeringPolicy size="51200KB" /> -->
				<TimeBasedTriggeringPolicy modulate="true" interval="1" />
			</Policies>
			<!-- <DefaultRolloverStrategy max="10" fileIndex="min"/> --> <!-- 롤링 파일 10개 까지 생성 -->
			<DefaultRolloverstrategy>
				<Delete basePath="${log.path}/backup" maxDepth="2">
					<IfFileName glob="gstswfm*.log" />
					<IfLastModified age="8d" />
				</Delete>
			</DefaultRolloverstrategy>
		</RollingFile>
		<RollingFile name="loginLogger" fileName="${log.path}/login.log"
			filePattern="${log.path}/backup/login${file.backup.pattern}.log">
			<!-- <LevelRangeFilter minLevel="INFO" maxLevel="ERROR" onMatch="ACCEPT" onMismatch="DENY"/> -->
			<PatternLayout>
				<charset>UTF-8</charset>
				<Pattern>${log.pattern.file}</Pattern>
			</PatternLayout>
			<Policies>
				<!-- <SizeBasedTriggeringPolicy size="51200KB" /> -->
				<TimeBasedTriggeringPolicy modulate="true" interval="1" />
			</Policies>
			<!-- <DefaultRolloverStrategy max="10" fileIndex="min"/> --> <!-- 롤링 파일 10개 까지 생성 -->
			<DefaultRolloverstrategy>
				<Delete basePath="${log.path}/backup" maxDepth="2">
					<IfFileName glob="login*.log" />
					<IfLastModified age="8d" />
				</Delete>
			</DefaultRolloverstrategy>
		</RollingFile>
		<RollingFile name="sqlLogger" fileName="${log.path}/sql.log"
			filePattern="${log.path}/backup/sql${file.backup.pattern}.log">
			<!-- <LevelRangeFilter minLevel="INFO" maxLevel="ERROR" onMatch="ACCEPT" onMismatch="DENY"/> -->
			<PatternLayout>
				<charset>UTF-8</charset>
				<Pattern>${log.pattern.file}</Pattern>
			</PatternLayout>
			<Policies>
				<!-- <SizeBasedTriggeringPolicy size="51200KB" /> -->
				<TimeBasedTriggeringPolicy modulate="true" interval="1" />
			</Policies>
			<!-- <DefaultRolloverStrategy max="10" fileIndex="min"/> --> <!-- 롤링 파일 10개 까지 생성 -->
			<DefaultRolloverstrategy>
				<Delete basePath="${log.path}/backup" maxDepth="2">
					<IfFileName glob="sql*.log" />
					<IfLastModified age="8d" />
				</Delete>
			</DefaultRolloverstrategy>
		</RollingFile>
	</Appenders>
	<Loggers>
		<!-- level : ALL > TRACE > DEBUG > INFO > WARN > ERROR > OFF -->
		<!-- 스프링프레임워크 -->
		<Logger name="org.springframework" level="WARN" additivity="false">
			<AppenderRef ref="perfLogger" />
			<AppenderRef ref="console" />
		</Logger>
		<!-- SQL로그 -->
		<!--
		<Logger name="java.sql" level="WARN" additivity="false">
			<AppenderRef ref="console" />
		</Logger>
		-->
		<!-- log4jdbc.log4j2 -->
		<!-- <Logger name="log4jdbc.log4j2" level="INFO" /> -->
		<!-- JDBC -->
		<Logger name="jdbc" level="OFF" />
		<Logger name="jdbc.sqlonly" level="DEBUG" />
		<Logger name="jdbc.sqltiming" level="OFF"> <!-- 서버에서는 OFF -->
		<!--<Logger name="jdbc.sqltiming" level="INFO">-->
			<AppenderRef ref="sqlLogger" />
		</Logger>
		<Logger name="jdbc.audit" level="OFF" />
		<Logger name="jdbc.resultset" level="OFF" />
		<Logger name="jdbc.connection" level="OFF" />
		<!-- Hansol Log -->
		<Logger name="hansolLogger" level="INFO">
			<AppenderRef ref="hansolLogger" />
		</Logger>
		<!-- 로그인 Log -->
		<Logger name="loginLogger" level="INFO">
			<AppenderRef ref="loginLogger" />
		</Logger>
		
		<Logger name="java.sql.ResultSet">
    	<level value="OFF" />
		</Logger>
		
		<!-- <Logger name="org.springframework.jdbc" level="INFO" /> -->
	    <!-- <Logger name="org.springframework.aop" level="INFO" /> -->
		
		<Root level="INFO">
			<AppenderRef ref="console" />
		</Root>
	</Loggers>
</Configuration>