<?xml version="1.0" encoding="UTF-8"?>
<!-- DTD 선언 -->
<!DOCTYPE mapper
 PUBLIC "-//mybatis.org//DTD Mapper 3.0//EN"
 "http://mybatis.org/dtd/mybatis-3-mapper.dtd">
 
 <!-- namespace : package + classname(바라보는 Mapper의 이름) namespace는 여러개의 sql문을 묶는 용도로 사용된다. -->
<mapper namespace="com.example.StudyMoa.common.dao.AdminMapper"> 

	<select id="selectInsertUserChart" resultType="java.util.HashMap">
		<![CDATA[
		SELECT DATE_FORMAT(INST_DATE, '%Y/%m/%d') AS date, count(*) AS cnt 
	 	FROM user 
	 	WHERE INST_DATE between DATE_ADD(NOW(), interval-1 WEEK) AND NOW()
	 	GROUP BY DATE_FORMAT(INST_DATE, '%Y%m%d') ORDER BY date ASC
		]]>
	</select>

	<select id="selectCategoryDistribution" resultType="java.util.HashMap">
	SELECT CATEGORY_NAME AS categoryName ,COUNT(*) AS cnt
 	FROM study S join study_category SC on S.CATEGORY_NO = SC.CATEGORY_NO 
 	GROUP BY SC.CATEGORY_NO
	</select>

	<select id="selectUserInfo" resultType="java.util.HashMap">
		SELECT USER_NO
	   ,USER_ID
       ,USER_NAME
       ,USER_PHONE
       ,INST_DATE
       ,IF(STATUS = '0', '일반유저', '관리자') AS STATUS
       ,SC.CATEGORY_NAME
   FROM user U join study_category SC on U.CATEGORY_NO = SC.CATEGORY_NO
   ORDER BY USER_NO
	</select>

	<delete id="deleteUser" parameterType="java.util.HashMap">
		DELETE FROM user WHERE USER_NO = #{userNo}
	</delete>

	<select id="selectCategoryAdmin" resultType="java.util.HashMap">
		SELECT CATEGORY_NO
			  ,CATEGORY_NAME
			  ,CATEGORY_THUMBIMG
		FROM study_category
		WHERE CATEGORY_REMOVEYN = 0	  
	</select>

	<update id="deleteCategory" parameterType="java.util.HashMap">
		 UPDATE study_category 
		    SET CATEGORY_REMOVEYN = 1
		  WHERE CATEGORY_NO = #{categoryNo}
	</update>

</mapper>